City,Latitude,Longitude,Max Temperature,Humidity,Cloudiness,Wind Speed,Country,Date
Egvekinot,66.3167,-179.1667,3.67,76,99,4.86,RU,1621986790
Kavieng,-2.5744,150.7967,26.58,85,100,3.1,PG,1621986846
Mataura,-46.1927,168.8643,9.71,47,93,1.3,NZ,1621986563
Avarua,-21.2078,-159.775,28.03,78,20,3.09,CK,1621986827
Bredasdorp,-34.5322,20.0403,11.62,76,75,2.6,ZA,1621986832
Berlevåg,70.8578,29.0864,2.37,71,35,3.38,NO,1621986835
Punta Arenas,-53.15,-70.9167,2.06,87,20,5.52,CL,1621986583
Bambous Virieux,-20.3428,57.7575,22.14,88,75,4.15,MU,1621986847
Juneau,58.3019,-134.4197,13.05,78,93,1.69,US,1621986847
Lüderitz,-26.6481,15.1594,16.68,68,0,3.15,NA,1621986848
Flinders,-34.5833,150.8552,17.38,60,27,3.58,AU,1621986848
Bethel,41.3712,-73.414,19.02,68,1,4.12,US,1621986648
Melfort,52.8667,-104.6177,5.07,65,94,4.63,CA,1621986849
Saint Paul Harbor,57.79,-152.4072,12.99,56,0,2.21,US,1621986572
Kubrat,43.8,26.5,19.19,82,100,3.15,BG,1621986850
Emerald,-23.5333,148.1667,20.08,73,2,1.54,AU,1621986850
Cherskiy,68.75,161.3,16.03,32,91,6.09,RU,1621986765
Belaya Gora,68.5333,146.4167,12.22,45,66,6.54,RU,1621986851
Busselton,-33.65,115.3333,12.41,75,100,4.44,AU,1621986833
Kingaroy,-26.5333,151.8333,14.02,100,0,0.51,AU,1621986852
Itarema,-2.9248,-39.9167,25.75,78,35,5.17,BR,1621986689
Assiut,27.181,31.1837,24.1,23,0,3.15,EG,1621986628
Kapaa,22.0752,-159.319,28.4,59,14,0.89,US,1621986852
Szczecinek,53.7079,16.6994,7.41,94,11,4.65,PL,1621986853
Tasiilaq,65.6145,-37.6368,3.06,87,100,20.3,GL,1621986853
Longyearbyen,78.2186,15.6401,-2.09,86,75,7.72,SJ,1621986596
Saldanha,-33.0117,17.9442,8.03,82,8,0.93,ZA,1621986854
Marawi,7.9986,124.2928,20.36,77,90,0.65,PH,1621986855
Sørland,67.667,12.6934,5.99,75,0,10.52,NO,1621986612
Lázaro Cárdenas,17.9583,-102.2,29.28,51,66,5.54,MX,1621986855
Vestmanna,62.1564,-7.1664,7.51,93,20,4.6,FO,1621986856
Rikitea,-23.1203,-134.9692,25.15,78,68,6.73,PF,1621986603
Thompson,55.7435,-97.8558,-1.91,80,90,8.75,CA,1621986675
Chokurdakh,70.6333,147.9167,2.91,75,67,4.07,RU,1621986857
Qaanaaq,77.484,-69.3632,0.01,76,10,2.43,GL,1621986575
Grakhovo,56.0502,51.9676,8.42,93,3,2.76,RU,1621986857
Butaritari,3.0707,172.7902,27.77,79,100,8.2,KI,1621986848
Cap-aux-Meules,47.3821,-61.8597,13.01,67,75,11.83,CA,1621986858
Te Anau,-45.4167,167.7167,9.15,62,72,0.99,NZ,1621986858
Tuktoyaktuk,69.4541,-133.0374,-1.0,86,90,3.09,CA,1621986604
Khatanga,71.9667,102.5,-0.29,98,100,2.39,RU,1621986832
Ushuaia,-54.8,-68.3,-1.19,86,75,7.2,AR,1621986828
Oistins,13.0667,-59.5333,27.05,61,40,7.2,BB,1621986860
Sambava,-14.2667,50.1667,20.13,86,14,2.78,MG,1621986860
Bluff,-46.6,168.3333,9.89,52,75,2.34,NZ,1621986840
Provideniya,64.3833,-173.3,7.06,61,0,7.0,RU,1621986826
Sorong,-0.8833,131.25,25.33,87,100,4.43,ID,1621986861
San Cristobal,7.7669,-72.225,18.36,99,100,1.68,VE,1621986645
Lebu,-37.6167,-73.65,13.25,86,94,1.11,CL,1621986591
Bengkulu,-3.8004,102.2655,25.42,84,78,1.27,ID,1621986668
Kotido,2.9806,34.1331,19.78,80,57,3.01,UG,1621986619
Faanui,-16.4833,-151.75,27.28,71,64,5.23,PF,1621986862
Majene,-3.5403,118.9707,26.91,83,98,3.78,ID,1621986863
Tura,25.5198,90.2201,23.18,97,100,1.64,IN,1621986829
Puerto Ayora,-0.7393,-90.3518,23.64,90,32,1.79,EC,1621986824
Ellensburg,46.9965,-120.5479,18.16,49,20,6.71,US,1621986681
Tiksi,71.6872,128.8694,1.75,89,23,0.83,RU,1621986834
Castro,-24.7911,-50.0119,9.59,59,37,0.56,BR,1621986608
Jucurutu,-6.0339,-37.0203,25.15,65,25,1.73,BR,1621986864
Margate,51.3813,1.3862,8.9,76,73,0.89,GB,1621986865
Atuona,-9.8,-139.0333,26.72,62,21,6.16,PF,1621986588
Port Elizabeth,-33.918,25.5701,16.16,88,0,4.12,ZA,1621986839
Hilo,19.7297,-155.09,26.35,71,1,6.69,US,1621986629
Jamestown,42.097,-79.2353,25.82,57,1,2.57,US,1621986734
Tupanciretã,-29.0806,-53.8358,9.31,74,1,1.23,BR,1621986866
Port Lincoln,-34.7333,135.8667,14.87,56,60,6.17,AU,1621986854
Río Gallegos,-51.6226,-69.2181,2.03,80,0,7.72,AR,1621986866
Airai,-8.9266,125.4092,18.97,69,22,2.12,TL,1621986842
Esim,4.8699,-2.2405,26.66,83,100,2.75,GH,1621986867
Hermanus,-34.4187,19.2345,14.39,73,44,3.18,ZA,1621986593
Liège,50.6337,5.5675,8.95,81,40,4.63,BE,1621986868
Nuuk,64.1835,-51.7216,1.0,78,27,4.58,GL,1621986773
Frolovo,49.7713,43.6622,13.12,90,88,4.06,RU,1621986868
Cape Town,-33.9258,18.4232,12.78,82,0,0.45,ZA,1621986587
Haines Junction,60.7522,-137.5108,12.97,54,95,4.12,CA,1621986869
Wajir,1.7471,40.0573,24.09,68,84,7.55,KE,1621986678
Lompoc,34.6391,-120.4579,19.26,64,1,7.72,US,1621986869
Broken Hill,-31.95,141.4333,10.84,71,0,5.14,AU,1621986870
Batagay-Alyta,67.8006,130.4114,11.22,49,78,0.72,RU,1621986870
Barrow,71.2906,-156.7887,-2.99,80,90,2.57,US,1621986591
La Rioja,42.25,-2.5,4.88,86,54,1.45,ES,1621986835
Port Alfred,-33.5906,26.891,17.31,89,69,4.54,ZA,1621986866
Albany,42.6001,-73.9662,23.19,62,99,2.41,US,1621986828
St. George's,12.0564,-61.7485,26.82,78,20,5.14,GD,1621986871
Deputatsky,69.3,139.9,8.71,44,1,7.65,RU,1621986872
Hobart,-42.8794,147.3294,12.23,70,75,1.34,AU,1621986623
Pevek,69.7008,170.3133,0.46,85,99,1.14,RU,1621986836
Siverek,37.755,39.3167,20.34,35,0,3.81,TR,1621986873
Mumbai,19.0144,72.8479,28.99,79,40,3.6,IN,1621986772
Lima,-12.0432,-77.0282,16.4,85,90,0.45,PE,1621986373
Uvinza,-5.1036,30.3911,16.98,79,36,0.5,TZ,1621986730
George Town,5.4112,100.3354,27.42,80,40,2.24,MY,1621986874
Muisne,0.6,-80.0333,25.06,84,74,3.63,EC,1621986874
Fortuna,40.5982,-124.1573,14.99,67,75,3.58,US,1621986713
Chute-aux-Outardes,49.1168,-68.399,10.99,87,90,3.06,CA,1621986875
Saskylakh,71.9167,114.0833,10.43,61,97,3.23,RU,1621986855
Makakilo City,21.3469,-158.0858,27.44,68,90,1.8,US,1621986875
Gazojak,41.1875,61.4036,26.77,28,2,2.51,TM,1621986876
Duluth,46.7833,-92.1066,27.22,21,1,11.83,US,1621986793
San Patricio,28.017,-97.5169,27.8,80,58,7.0,US,1621986665
Jumla,29.2747,82.1838,11.75,83,98,1.51,NP,1621986597
New Norfolk,-42.7826,147.0587,11.3,70,74,1.79,AU,1621986835
Louisville,38.2542,-85.7594,30.0,40,40,4.12,US,1621986808
Turtas,58.9417,69.1325,13.31,75,60,2.61,RU,1621986878
Arraial do Cabo,-22.9661,-42.0278,20.79,60,65,2.43,BR,1621986879
Hofn,64.2539,-15.2082,6.73,87,49,5.01,IS,1621986642
Anchorage,61.2181,-149.9003,21.25,29,1,0.0,US,1621986728
Kavaratti,10.5669,72.642,28.41,76,100,7.35,IN,1621986880
Homer,59.6425,-151.5483,14.55,50,1,8.75,US,1621986780
Pisco,-13.7,-76.2167,19.03,88,75,2.06,PE,1621986595
Iqaluit,63.7506,-68.5145,-2.15,86,75,9.26,CA,1621986881
Bathsheba,13.2167,-59.5167,27.34,61,40,5.7,BB,1621986841
Henties Bay,-22.116,14.2845,17.91,76,0,4.45,NA,1621986686
Vaini,-21.2,-175.2,22.09,88,90,4.12,TO,1621986833
Narrabri,-30.3167,149.7833,19.05,52,40,8.75,AU,1621986882
Kumano,34.3442,132.5894,16.94,69,100,0.41,JP,1621986882
Beringovskiy,63.05,179.3167,0.41,99,100,2.94,RU,1621986874
Port Macquarie,-31.4333,152.9167,14.38,59,23,2.8,AU,1621986883
Cap Malheureux,-19.9842,57.6142,21.37,81,8,1.34,MU,1621986883
Roald,62.5833,6.1333,10.17,87,0,9.26,NO,1621986864
Alta Floresta,-9.8756,-56.0861,23.78,73,75,1.6,BR,1621986884
Bereda,43.2686,-7.5406,7.82,99,100,1.47,ES,1621986885
San Luis,-33.295,-66.3356,12.2,44,1,2.91,AR,1621986844
Payakumbuh,-0.2202,100.6308,21.97,97,79,0.54,ID,1621986886
Iisalmi,63.5592,27.1907,7.01,96,63,1.44,FI,1621986886
Avera,33.194,-82.5271,30.31,41,58,3.65,US,1621986887
Narsaq,60.9167,-46.05,0.83,73,61,1.71,GL,1621986607
Mahina,-17.5065,-149.489,28.87,70,75,2.7,PF,1621986737
Tezu,27.9167,96.1667,26.65,71,85,1.15,IN,1621986856
Salamiyah,35.0113,37.0532,19.75,48,0,2.78,SY,1621986888
Vila Velha,-20.3297,-40.2925,22.75,81,90,1.34,BR,1621986591
Ugoofaaru,5.6667,73.0,28.28,77,100,11.39,MV,1621986888
Tianpeng,30.9866,103.9393,18.16,77,100,2.03,CN,1621986889
Mahébourg,-20.4081,57.7,22.16,88,75,0.0,MU,1621986837
Chiang Khong,20.2613,100.4046,25.45,74,73,0.15,TH,1621986889
Mossamedes,-15.1961,12.1522,23.61,66,0,0.95,AO,1621986890
Ambon City,-3.6954,128.1814,27.08,89,40,5.99,ID,1621986890
Talnakh,69.4865,88.3972,-4.85,94,54,5.48,RU,1621986791
Norden,53.6,7.2,8.19,84,57,1.79,DE,1621986891
Rodeo,38.033,-122.2669,21.6,53,0,0.89,US,1621986891
Hambantota,6.1241,81.1185,27.14,76,96,10.05,LK,1621986892
Okha,53.5739,142.9478,3.53,79,100,3.88,RU,1621986892
Lavrentiya,65.5833,-171.0,3.78,85,64,4.43,RU,1621986893
Victor Harbor,-35.5667,138.6167,14.41,61,38,1.34,AU,1621986893
Pimentel,-6.8367,-79.9342,19.44,85,0,1.34,PE,1621986893
Conde,-7.2597,-34.9075,24.7,88,40,3.28,BR,1621986894
Chui,-33.6971,-53.4616,10.03,82,0,3.05,UY,1621986648
Karlskrona,56.1616,15.5866,7.25,92,79,3.09,SE,1621986895
Vyaz'ma,55.2104,34.2951,10.12,84,96,2.88,RU,1621986895
Brylivka,46.4248,33.1472,13.26,82,36,1.84,UA,1621986896
Hithadhoo,-0.6,73.0833,29.03,66,100,9.0,MV,1621986584
Hasaki,35.7333,140.8333,21.3,63,96,4.61,JP,1621986646
Changde,29.0464,111.6783,18.53,91,99,2.85,CN,1621986897
Kawalu,-7.3817,108.2082,23.41,90,79,0.92,ID,1621986727
Rome,43.2128,-75.4557,23.28,93,100,3.59,US,1621986765
Mount Gambier,-37.8333,140.7667,10.95,71,90,4.12,AU,1621986898
Turukhansk,65.8167,87.9833,-1.42,72,91,7.76,RU,1621986898
Faya,18.3851,42.4509,19.29,41,39,2.0,SA,1621986867
Usinsk,65.9939,57.5281,0.06,70,99,7.22,RU,1621986637
Erzin,36.9559,36.2,19.45,68,0,0.98,TR,1621986879
Sanāwad,22.1833,76.0667,30.9,46,92,7.26,IN,1621986899
Gombong,-7.6072,109.5142,27.13,87,65,1.04,ID,1621986900
Severo-Kuril'sk,50.6789,156.125,3.09,98,100,6.97,RU,1621986638
Le Vauclin,14.5452,-60.8388,27.03,69,20,7.18,MQ,1621986900
Vardø,70.3705,31.1107,2.65,71,47,4.37,NO,1621986901
East London,-33.0153,27.9116,17.89,89,61,5.71,ZA,1621986636
Khani,41.9563,42.9566,10.76,95,79,0.96,GE,1621986902
Nikolskoye,59.7035,30.7861,8.94,86,99,2.91,RU,1621986847
Kirensk,57.7853,108.1119,7.37,63,93,1.51,RU,1621986903
The Pas,53.8251,-101.2541,2.01,75,90,5.5,CA,1621986904
Kloulklubed,7.0419,134.2556,29.28,72,61,1.79,PW,1621986904
Ambanja,-13.6833,48.45,22.01,85,75,1.39,MG,1621986905
Feldbach,46.9531,15.8883,4.98,95,90,1.64,AT,1621986905
Mareeba,-17.0,145.4333,19.17,95,88,0.84,AU,1621986906
Dikson,73.5069,80.5464,-6.11,93,76,3.09,RU,1621986872
Oshkosh,44.0247,-88.5426,25.86,62,75,5.66,US,1621986642
Leeton,-34.5667,146.4,10.03,87,40,4.74,AU,1621986907
Acapulco de Juárez,16.8634,-99.8901,30.22,53,86,4.81,MX,1621986908
Carutapera,-1.195,-46.02,25.8,85,12,3.46,BR,1621986908
Alyangula,-13.8483,136.4192,25.93,73,41,6.4,AU,1621986608
Zaoyang,32.1272,112.7542,18.25,86,100,2.1,CN,1621986909
Antalaha,-14.9003,50.2788,20.22,89,18,2.24,MG,1621986910
Mar del Plata,-38.0023,-57.5575,9.77,61,0,3.13,AR,1621986724
Asău,46.4333,26.4,13.7,100,32,2.13,RO,1621986876
Savannah Bight,16.45,-85.85,26.03,82,97,10.06,HN,1621986840
Stornoway,58.2093,-6.3865,8.94,81,90,5.66,GB,1621986911
Norman Wells,65.282,-126.8329,16.02,21,20,5.14,CA,1621986703
Half Moon Bay,37.4636,-122.4286,18.11,66,20,5.71,US,1621986794
Sisimiut,66.9395,-53.6735,-1.26,64,39,2.32,GL,1621986912
Parkersburg,39.2667,-81.5615,27.61,68,91,1.68,US,1621986913
Clyde River,70.4692,-68.5914,-1.87,86,100,10.29,CA,1621986861
Quatre Cocos,-20.2078,57.7625,21.16,77,19,3.92,MU,1621986913
Baghdad,33.3406,44.4009,24.95,33,0,3.65,IQ,1621986733
Westport,41.1415,-73.3579,18.15,79,79,1.34,US,1621986734
Lorengau,-2.0226,147.2712,26.02,89,100,3.21,PG,1621986914
Agüimes,27.9054,-15.4461,18.35,60,75,9.77,ES,1621986914
Ankara,39.9199,32.8543,14.51,46,0,1.83,TR,1621986739
Camocim,-2.9022,-40.8411,25.46,80,28,4.98,BR,1621986915
Geraldton,-28.7667,114.6,11.23,71,79,7.48,AU,1621986837
Naryan-Mar,67.6713,53.087,-0.51,78,81,4.34,RU,1621986916
Necochea,-38.5473,-58.7368,8.14,59,9,4.84,AR,1621986890
Monrovia,6.3005,-10.7969,27.1,81,99,2.93,LR,1621986917
Barra do Garças,-15.89,-52.2567,25.32,78,0,1.69,BR,1621986739
Lodwar,3.1191,35.5973,27.65,49,51,7.16,KE,1621986686
Lerici,44.0759,9.9112,12.68,90,24,1.79,IT,1621986918
Thinadhoo,0.5333,72.9333,29.05,65,100,9.61,MV,1621986918
Ust'-Omchug,61.15,149.6333,7.86,49,63,5.04,RU,1621986919
Sitka,57.0531,-135.33,10.2,79,96,2.67,US,1621986919
Verkhnyaya Inta,65.9811,60.3094,0.82,75,100,5.68,RU,1621986919
Novyy Urgal,51.0736,132.5642,9.06,77,100,0.84,RU,1621986920
College,64.8569,-147.8028,19.27,31,75,0.45,US,1621986672
Rabat,33.9911,-6.8401,16.58,91,95,4.33,MA,1621986783
Maturin,9.75,-63.1767,25.8,69,37,3.67,VE,1621986921
West Wendover,40.7391,-114.0733,21.56,23,20,3.09,US,1621986921
Akdepe,42.0551,59.3788,20.05,28,2,2.58,TM,1621986922
Kahului,20.8947,-156.47,28.68,68,40,8.75,US,1621986747
Ponta do Sol,32.6667,-17.1,18.02,68,72,2.85,PT,1621986612
Tecpan,14.7623,-90.9947,15.67,87,94,1.46,GT,1621986923
Garoowe,8.4054,48.4845,24.11,69,30,10.43,SO,1621986923
Saint-Philippe,-21.3585,55.7679,20.73,86,50,3.74,RE,1621986862
Benīganj,27.2833,80.45,28.08,44,100,3.09,IN,1621986924
Calafell,41.2,1.5683,15.8,85,61,1.34,ES,1621986924
Lethem,3.3803,-59.7968,24.92,91,99,3.58,GY,1621986924
Ribeira Grande,38.5167,-28.7,18.0,93,100,7.8,PT,1621986911
Plettenberg Bay,-34.0527,23.3716,14.52,88,99,2.34,ZA,1621986725
Pacific Grove,36.6177,-121.9166,16.34,76,28,1.79,US,1621986925
Ancud,-41.8697,-73.8203,12.74,93,100,7.71,CL,1621986620
Cabedelo,-6.9811,-34.8339,25.37,85,25,4.86,BR,1621986926
Tsabong,-26.0217,22.401,14.71,38,50,4.18,BW,1621986927
Vieux Fort,13.7167,-60.95,26.62,69,20,6.17,LC,1621986927
Cabo San Lucas,22.8909,-109.9124,31.04,54,66,5.15,MX,1621986812
Lamu,-2.2717,40.902,25.83,76,17,7.16,KE,1621986928
Linxia Chengguanzhen,35.6003,103.2064,14.26,46,99,1.1,CN,1621986929
Zhalantun,48.0,122.7167,12.62,47,10,4.8,CN,1621986929
Baní,18.2833,-70.3333,23.69,77,19,4.95,DO,1621986863
Broome,42.2506,-75.833,22.64,77,93,3.13,US,1621986917
São José da Coroa Grande,-8.8978,-35.1478,25.29,84,42,3.43,BR,1621986930
Chuguyevka,44.1653,133.8633,15.96,38,9,3.96,RU,1621986931
Malanje,-9.5402,16.341,14.72,57,11,1.15,AO,1621986931
Taltal,-25.4,-70.4833,20.63,54,75,2.03,CL,1621986912
Caravelas,-17.7125,-39.2481,23.34,92,56,3.58,BR,1621986932
Matata,-37.8833,176.75,15.38,55,65,6.35,NZ,1621986932
Mount Isa,-20.7333,139.5,21.87,49,70,6.17,AU,1621986916
Carnarvon,-24.8667,113.6333,10.04,71,94,4.12,AU,1621986838
Cabra,37.4725,-4.4421,18.67,41,2,3.21,ES,1621986906
Natchez,31.5604,-91.4032,27.89,65,90,4.12,US,1621986933
Maragogi,-9.0122,-35.2225,25.1,85,44,3.31,BR,1621986893
Yellowknife,62.456,-114.3525,7.41,39,20,3.09,CA,1621986606
Cairns,-16.9167,145.7667,21.61,94,90,3.6,AU,1621986934
Ihosy,-22.4,46.1167,13.13,94,38,1.15,MG,1621986934
Muriaé,-21.1306,-42.3664,19.26,85,72,1.51,BR,1621986643
Viedma,-40.8135,-62.9967,8.87,43,45,3.42,AR,1621986935
Epiniana,39.1429,21.6134,14.86,39,1,0.18,GR,1621986936
Christchurch,-43.5333,172.6333,11.21,81,5,1.79,NZ,1621986825
Kamaishi,39.2667,141.8833,14.53,61,34,1.38,JP,1621986645
Souillac,-20.5167,57.5167,22.21,88,75,3.77,MU,1621986937
Krasnyy Yar,46.5331,48.3456,17.96,87,41,3.72,RU,1621986937
Omsukchan,62.5333,155.8,3.05,75,97,2.2,RU,1621986939
Āsosa,10.0667,34.5333,19.28,55,16,0.76,ET,1621986939
Tretten,61.3142,10.3007,8.61,93,100,2.25,NO,1621986940
Cidreira,-30.1811,-50.2056,13.57,70,0,4.32,BR,1621986773
Evanston,42.0411,-87.6901,25.67,55,20,2.68,US,1621986674
Zorritos,-3.6805,-80.6782,23.48,84,52,2.78,PE,1621986940
Great Yarmouth,52.6083,1.7305,7.64,91,38,5.06,GB,1621986941
East Chicago,41.6392,-87.4548,27.26,48,75,6.17,US,1621986941
Paamiut,61.994,-49.6678,2.0,72,82,4.0,GL,1621986942
Upernavik,72.7868,-56.1549,1.73,81,82,3.86,GL,1621986915
Oeiras do Pará,-2.0031,-49.8544,25.64,84,82,1.72,BR,1621986943
Kathmandu,27.7167,85.3167,19.12,100,75,1.03,NP,1621986943
Pontianak,-0.0333,109.3333,25.99,94,20,1.02,ID,1621986944
Altay,47.8667,88.1167,19.2,32,3,2.29,CN,1621986725
Torbay,47.6666,-52.7314,7.59,74,90,12.86,CA,1621986655
Province of Mantua,45.1667,10.7833,13.66,75,48,2.68,IT,1621986945
Zima,53.9202,102.0442,7.44,86,100,2.66,RU,1621986945
Aleksandrov Gay,50.147,48.5704,15.63,77,98,6.35,RU,1621986946
Nakatunguru,-2.1167,33.0667,22.81,64,76,4.3,TZ,1621986946
Chapais,49.7834,-74.8492,18.88,88,100,3.59,CA,1621986947
Tingo María,-9.2895,-76.0088,20.39,99,89,0.71,PE,1621986947
Kenai,60.5544,-151.2583,18.05,34,1,2.95,US,1621986886
Luleå,65.5842,22.1547,7.04,76,90,1.03,SE,1621986951
Ponta Delgada,37.7333,-25.6667,19.4,82,20,5.66,PT,1621986705
Kruisfontein,-34.0033,24.7314,12.71,94,81,2.53,ZA,1621986870
Tazovsky,67.4667,78.7,-2.23,70,82,0.9,RU,1621986951
Waitara,-38.925,174.25,12.22,59,0,0.75,NZ,1621986952
Andra,62.5147,65.8878,10.81,74,100,1.75,RU,1621986952
Atambua,-9.1061,124.8925,25.55,70,19,2.13,ID,1621986913
Ushtobe,45.2514,77.9838,18.7,42,0,4.21,KZ,1621986953
Kaitangata,-46.2817,169.8464,8.04,46,100,1.42,NZ,1621986884
Mehamn,71.0357,27.8492,2.19,73,35,2.81,NO,1621986954
Myitkyina,25.3833,97.4,24.02,98,99,0.07,MM,1621986954
Reconquista,-29.15,-59.65,13.41,65,0,2.44,AR,1621986955
Padang,-0.9492,100.3543,25.03,84,94,1.56,ID,1621986789
Lata,40.1629,-8.3327,14.77,81,100,0.39,PT,1621986670
Safi,32.2994,-9.2372,17.41,84,100,4.73,MA,1621986956
Marck,50.949,1.9433,9.13,90,63,5.06,FR,1621986956
Griffith,41.5284,-87.4237,27.46,48,75,2.68,US,1621986957
Yerbogachën,61.2767,108.0108,2.85,71,100,2.59,RU,1621986957
Mt. Pleasant,32.7941,-79.8626,25.45,72,1,0.45,US,1621986713
São Filipe,14.8961,-24.4956,23.69,72,0,3.62,CV,1621986674
Ganzhou,28.8184,115.4327,23.23,88,98,3.55,CN,1621986958
Leningradskiy,69.3833,178.4167,1.76,87,76,4.61,RU,1621986627
Acajutla,13.5928,-89.8275,26.0,75,91,2.81,SV,1621986959
Hong Kong,22.2855,114.1577,28.66,85,69,2.24,HK,1621986853
Krasnyy Kholm,58.0607,37.1203,5.44,89,100,3.07,RU,1621986960
Rafai,4.95,23.9167,20.59,94,60,0.47,CF,1621986960
Jasper,37.2001,-94.3502,22.48,81,100,0.89,US,1621986960
Vostok,46.4856,135.8833,10.83,58,17,4.34,RU,1621986693
Iberia,29.9502,-91.7507,27.03,74,75,4.36,US,1621986859
Namatanai,-3.6667,152.4333,25.83,89,100,2.52,PG,1621986708
Nouadhibou,20.931,-17.0347,18.99,77,9,7.2,MR,1621986942
Imeni Zhelyabova,58.9544,36.5956,3.29,90,80,2.03,RU,1621986962
Salalah,17.0151,54.0924,26.2,79,56,2.64,OM,1621986854
Perevoz,55.5961,44.5446,9.65,80,55,1.67,RU,1621986963
Esperance,-33.8667,121.9,10.91,80,32,4.17,AU,1621986902
Afuá,-0.1567,-50.3867,25.25,88,94,3.06,BR,1621986963
Gouyave,12.1646,-61.7296,26.43,78,20,6.65,GD,1621986964
Daman,20.4167,72.85,28.23,78,66,5.41,IN,1621986964
Tarko-Sale,64.9225,77.785,3.33,59,83,3.8,RU,1621986965
Besançon,47.2488,6.0182,9.26,100,69,3.06,FR,1621986965
Pochutla,15.7432,-96.4661,26.9,59,99,1.91,MX,1621986966
Elko,41.0002,-115.5012,20.35,26,98,4.02,US,1621986966
Los Llanos de Aridane,28.6585,-17.9182,16.74,72,90,7.75,ES,1621986867
Constitución,-35.3333,-72.4167,12.98,81,83,3.65,CL,1621986968
Markova,48.6758,24.4138,10.24,90,55,1.75,UA,1621986969
Honiara,-9.4333,159.95,28.3,72,86,2.36,SB,1621986969
Isangel,-19.55,169.2667,24.06,64,75,5.51,VU,1621986726
Luanda,-8.8368,13.2343,22.88,89,8,3.0,AO,1621986970
West Plains,36.7281,-91.8524,20.22,92,99,2.87,US,1621986970
Alofi,-19.0595,-169.9187,23.94,80,90,7.2,NU,1621986970
Erdenet,49.0333,104.0833,8.0,62,99,2.39,MN,1621986971
Dingle,10.9995,122.6711,27.85,79,100,1.56,PH,1621986652
General Cepeda,25.3833,-101.45,23.67,40,47,4.52,MX,1621986972
Capreol,46.706,-80.9225,22.94,75,75,0.45,CA,1621986972
Pangnirtung,66.1451,-65.7125,-3.86,92,100,0.46,CA,1621986972
Mandalgovi,45.7625,106.2708,7.72,52,48,6.47,MN,1621986666
Yebaishou,41.3975,119.6408,17.56,39,95,2.59,CN,1621986973
Vigrestad,58.5667,5.7,11.8,77,100,4.02,NO,1621986973
Sur,22.5667,59.5289,32.61,41,0,4.41,OM,1621986958
Batagay,67.6333,134.6333,15.21,27,35,3.39,RU,1621986974
Tilichiki,60.4667,166.1,4.59,74,100,4.27,RU,1621986975
Smithers,54.7804,-127.1743,16.18,31,40,3.09,CA,1621986785
Ahipara,-35.1667,173.1667,14.91,66,41,4.29,NZ,1621986976
Mayo,38.8876,-76.5119,21.17,83,79,4.02,US,1621986976
Amahai,-3.3333,128.9167,27.14,83,66,2.73,ID,1621986977
Tevriz,57.509,72.4042,14.35,87,6,2.45,RU,1621986978
Oxapampa,-10.5775,-75.4017,14.25,96,97,1.52,PE,1621986978
Bāzpur,29.15,79.1167,25.26,43,14,2.94,IN,1621986978
Tema,5.667,-0.0166,28.23,78,0,4.08,GH,1621986979
Hīt,33.6416,42.8251,27.56,23,10,5.48,IQ,1621986980
Port Shepstone,-30.7414,30.455,18.97,44,100,2.45,ZA,1621986980
Vanavara,60.34,102.2797,1.83,56,37,2.71,RU,1621986936
Rondonópolis,-16.4708,-54.6356,24.77,63,52,0.87,BR,1621986981
Marzuq,14.4,46.4667,25.11,54,25,1.91,YE,1621986814
Qāzigund,33.6333,75.15,10.99,66,0,0.65,IN,1621986982
Nantucket,41.2835,-70.0995,15.26,83,55,9.7,US,1621986982
Lillooet,50.6856,-121.942,21.42,49,94,1.35,CA,1621986982
Frome,51.2283,-2.3221,6.76,95,46,2.96,GB,1621986983
Topchānchi,23.9,86.2,24.87,86,100,7.86,IN,1621986984
Tuatapere,-46.1333,167.6833,9.9,53,77,1.53,NZ,1621986984
Pechora,65.1472,57.2244,1.49,67,97,5.59,RU,1621986984
Belmonte,-15.8631,-38.8828,26.28,80,19,2.28,BR,1621986927
Kerikeri,-35.2268,173.9474,14.95,79,59,3.13,NZ,1621986986
Chenghai,23.4632,116.768,24.95,94,75,1.0,CN,1621986987
Yueyang,29.3333,113.0919,18.99,97,100,2.94,CN,1621986987
Samarai,-10.6167,150.6667,26.56,68,100,7.14,PG,1621986989
San Policarpo,12.1791,125.5072,28.27,79,97,1.96,PH,1621986989
Klaksvík,62.2266,-6.589,9.51,91,96,7.24,FO,1621986630
Port Hardy,50.6996,-127.4199,11.1,66,75,2.57,CA,1621986839
Codrington,-38.2667,141.9667,12.17,60,96,9.19,AU,1621986618
Tarabha,20.7333,83.65,26.4,59,100,1.65,IN,1621986990
Forsytheganj,52.6333,29.7333,14.33,86,92,4.99,BY,1621986991
Berbera,10.4396,45.0143,30.58,66,37,2.59,SO,1621986991
Ayan,56.45,138.1667,5.06,61,100,0.94,RU,1621986992
Namtsy,62.7161,129.6658,13.06,45,60,0.4,RU,1621986992
Katsuura,35.1333,140.3,20.52,70,86,6.74,JP,1621986920
Noshiro,40.2039,140.0242,14.46,63,42,5.45,JP,1621986993
Znamenskoye,57.1281,73.8282,14.78,78,3,2.94,RU,1621986993
Coyhaique,-45.5752,-72.0662,0.97,93,90,1.54,CL,1621986871
Pierre,44.3683,-100.351,21.52,44,4,7.56,US,1621986994
Guangyuan,32.442,105.823,17.66,77,93,1.97,CN,1621986994
Bandundu Province,-3.3167,17.3667,23.26,68,95,0.88,CD,1621986951
Aktash,50.3,87.7333,8.77,69,79,1.41,RU,1621986995
Stephenville,32.2207,-98.2023,27.19,72,90,3.09,US,1621986969
Kuytun,54.3419,101.5036,7.41,83,100,3.79,RU,1621986996
Omboué,-1.5746,9.2618,25.39,94,97,2.99,GA,1621986997
Kotlas,61.2611,46.6556,4.72,87,100,3.46,RU,1621986997
Belyy Yar,53.6039,91.3903,13.94,82,0,2.21,RU,1621986669
Opuwo,-18.0607,13.84,15.76,44,0,3.58,NA,1621986998
Fairbanks,64.8378,-147.7164,19.01,31,75,3.6,US,1621986974
Roebourne,-20.7833,117.1333,20.33,59,0,8.62,AU,1621986878
Jishu,44.3167,126.8,15.33,40,96,5.64,CN,1621986999
Kiryat Gat,31.61,34.7642,20.36,57,0,0.79,IL,1621986999
Sinnamary,5.3833,-52.95,25.92,90,100,2.59,GF,1621987000
Langen,49.9933,8.6728,9.16,77,20,0.89,DE,1621987000
Nyurba,63.2842,118.3319,12.04,51,100,2.05,RU,1621986861
Mandera,3.9366,41.867,24.39,57,8,4.34,KE,1621987001
Bajil,15.0584,43.2851,30.66,42,0,1.66,YE,1621987001
Barcelos,41.5388,-8.6151,16.61,70,100,1.99,PT,1621987001
Pangody,65.85,74.4859,5.15,49,99,3.5,RU,1621986927
North Bend,43.4065,-124.2243,14.1,81,90,5.14,US,1621986897
Pundaguitan,6.3711,126.1689,27.51,75,100,1.54,PH,1621987002
Macheng,31.1783,115.0319,18.44,97,100,0.71,CN,1621987003
Weinan,34.5036,109.5089,17.83,43,82,5.64,CN,1621987004
Bonavista,48.6499,-53.1147,10.0,78,87,9.97,CA,1621987004
Vestnes,62.6264,7.0884,10.12,76,89,2.04,NO,1621987008
Tiznit Province,29.5833,-9.5,17.12,74,100,1.66,MA,1621987009
Gamba,-2.65,10.0,25.11,94,54,1.99,GA,1621987009
Mirny,62.5353,113.9611,9.72,63,40,3.06,RU,1621987010
Rolante,-29.6506,-50.5758,11.94,79,1,1.65,BR,1621987011
Laguna,38.421,-121.4238,28.69,27,1,1.79,US,1621986752
Coahuayana Viejo,18.7333,-103.6833,29.27,54,49,2.75,MX,1621986893
Mae Sai,20.4335,99.8762,23.62,82,72,0.12,TH,1621987013
Beloha,-25.1667,45.05,16.2,82,6,2.48,MG,1621987013
Kharabali,47.4196,47.2568,14.45,82,36,5.79,RU,1621987014
Arman',59.7,150.1667,8.05,59,33,3.59,RU,1621987014
Castrillón,43.3979,-6.7922,8.45,93,100,0.22,ES,1621987015
Pangkalanbuun,-2.6833,111.6167,26.24,83,66,1.33,ID,1621987015
Mapiri,-15.25,-68.1667,19.28,94,73,0.47,BO,1621987016
Visby,57.6409,18.296,10.07,100,90,2.57,SE,1621987016
Havøysund,70.9963,24.6622,1.49,69,21,0.68,NO,1621986884
Fayaoué,-20.65,166.5333,22.79,56,4,2.37,NC,1621987017
Natchitoches,31.7668,-93.1335,24.93,83,90,4.63,US,1621987017
Port Blair,11.6667,92.75,29.02,84,90,5.66,IN,1621986856
Calahorra,42.3051,-1.9652,9.42,71,45,2.59,ES,1621987018
Porto Walter,-8.2686,-72.7439,23.66,87,88,1.24,BR,1621987019
Matagami,49.7502,-77.6328,22.06,68,20,3.49,CA,1621986967
São João da Barra,-21.6403,-41.0511,20.27,71,63,3.16,BR,1621987019
Kalmunai,7.4167,81.8167,26.01,75,100,1.27,LK,1621986758
Luwingu,-10.2621,29.9271,10.17,89,6,2.01,ZM,1621986839
Kanye,-24.9667,25.3327,10.55,48,100,1.42,BW,1621987020
Biskamzha,53.4497,89.5272,13.92,97,100,2.48,RU,1621987021
Saint-Pierre,-21.3393,55.4781,20.77,72,20,3.09,RE,1621986903
Carballo,43.213,-8.691,11.48,88,100,2.25,ES,1621987021
Pokhara,28.2333,83.9833,22.79,75,100,0.48,NP,1621986909
Valdivia,-39.8142,-73.2459,12.05,98,100,2.04,CL,1621986738
Asilah,35.465,-6.0348,20.98,66,75,4.97,MA,1621987022
Soyo,-6.1349,12.3689,25.6,88,50,3.48,AO,1621986845
Moscow,55.7522,37.6156,11.33,64,86,0.98,RU,1621986826
Cehegín,38.0924,-1.7985,15.09,82,50,2.76,ES,1621986757
Goderich,43.7501,-81.7165,26.18,47,71,5.66,CA,1621987024
San Rafael,-34.6177,-68.3301,13.73,42,43,2.54,AR,1621987025
Guerrero Negro,27.9769,-114.0611,20.62,58,64,6.42,MX,1621986869
Narasannapeta,18.4167,84.05,27.55,49,100,2.5,IN,1621987025
Kismayo,-0.3582,42.5454,25.61,76,3,7.36,SO,1621987026
Korla,41.7597,86.1469,22.92,21,22,2.56,CN,1621986969
Hopkinsville,36.8656,-87.4886,29.73,83,78,3.05,US,1621987000
Port Augusta,-32.5,137.7667,12.62,53,43,2.44,AU,1621986948
Severnoye,56.3491,78.3619,16.7,73,4,1.74,RU,1621986812
Yidu,24.1614,115.1328,26.48,86,68,1.0,CN,1621987029
Myski,53.709,87.8014,14.27,98,94,1.44,RU,1621986740
Neryungri,56.6709,124.6491,2.19,100,100,0.19,RU,1621987029
Yar-Sale,66.8333,70.8333,1.49,81,100,3.68,RU,1621986843
Caxito,-8.5785,13.6643,20.66,89,19,1.65,AO,1621986968
Stratford-upon-Avon,52.1917,-1.7073,7.42,86,20,2.91,GB,1621987030
Puerto Nariño,-3.7703,-70.3831,22.99,95,98,0.78,CO,1621986951
Cayenne,4.9333,-52.3333,26.72,88,0,1.79,GF,1621986708
Rocha,-34.4833,-54.3333,7.91,73,0,2.32,UY,1621986951
Grand Gaube,-20.0064,57.6608,21.32,81,9,1.34,MU,1621986671
Shangqiu,34.45,115.65,21.05,66,98,7.47,CN,1621987032
Celestún,20.8667,-90.4,29.34,69,53,7.24,MX,1621987032
Guanambi,-14.2233,-42.7814,26.77,35,3,7.55,BR,1621987033
Kungurtug,50.5994,97.5228,6.88,93,100,1.22,RU,1621987033
Vila,42.0304,-8.1588,9.27,68,100,1.79,PT,1621987034
Nome,64.5011,-165.4064,21.04,23,1,5.66,US,1621986677
Mercedes,-34.6515,-59.4307,9.56,72,5,1.12,AR,1621987034
Yeppoon,-23.1333,150.7333,21.88,67,1,3.54,AU,1621986858
Kargasok,59.0556,80.8572,7.7,60,94,3.89,RU,1621987035
Coos Bay,43.3665,-124.2179,14.58,81,32,4.3,US,1621987035
Hamilton,39.1834,-84.5333,28.57,78,97,1.86,US,1621987000
Bauchi,10.5,10.0,27.65,38,59,2.48,NG,1621987036
Athabasca,54.7169,-113.2854,14.18,35,100,2.45,CA,1621987036
Gladstone,-23.85,151.25,21.96,56,1,2.57,AU,1621987037
Cumberland,35.0502,-78.8664,29.61,51,75,4.04,US,1621986921
Laas,46.6166,10.7002,6.51,62,35,0.62,IT,1621986705
Fuxin,42.0156,121.6589,16.57,34,100,3.06,CN,1621987041
Erdaojiang,41.7764,126.0319,10.02,86,100,0.4,CN,1621987041
Biak,-0.9131,122.8766,26.62,75,88,2.97,ID,1621987042
Goma,-1.6792,29.2228,17.85,92,96,0.56,CD,1621987042
Payson,40.0444,-111.7321,22.69,23,100,0.89,US,1621987043
Flin Flon,54.7682,-101.865,0.91,64,90,6.85,CA,1621987043
Igbo-Ora,7.4333,3.2833,24.16,93,100,2.7,NG,1621987044
Syracuse,37.0881,15.2792,17.49,86,24,4.73,IT,1621987044
Tombouctou,20.0,-3.0,33.64,21,79,0.8,ML,1621987044
